ten_hang	ma_hs	ghi_chu
Thép không gỉ dạng thanh tròn cán nóng, hiệu POSCO, đường kính 12mm	72221100	
Máy tính xách tay hiệu Dell model Latitude 5440, hàng mới 100%	84713020	
Điện thoại di động thông minh Samsung Galaxy S24	85171300	
Thép không hợp kim dạng thanh tròn cán nóng, dạng cuộn cuốn không đều, đường kính 8mm	72139120	
Tôn mạ kẽm dạng cuộn, chiều rộng 1200mm, dày 0.5mm, chưa sơn	72104911	
Giấy kraft không tráng dạng cuộn dùng làm bao bì	48044200	
Lốp bơm hơi mới bằng cao su dùng cho ô tô con	40111000	
Bia sản xuất từ malt, đóng lon 330ml	22030011	
Cà phê rang, chưa khử chất caffein	09012110	
Túi nhựa bằng polyme etylen (PE) dùng đựng hàng	39232199	
Bàn làm việc bằng gỗ dùng trong văn phòng	94033000	
Xi măng poóc lăng đen	25232990	
Đường mía thô chưa pha thêm hương liệu	17011400	
Dây cáp điện bằng đồng cách điện dùng cho điện áp không quá 1000V	85444949	
Máy điều hòa không khí loại treo tường công suất 12000 BTU	84151020	(8415.10.10 không có trong Biểu thuế 2026)
Vít bằng thép ren toàn thân	73181510	
Nhôm dạng thanh hợp kim, hình chữ nhật	76042990	
Gạo đã xát toàn bộ, hạt dài	10063099	
Thép hợp kim dạng thanh tròn cán nóng, hợp kim khác	72283010	
Sơn và vecni dạng phân tán trong môi trường không chứa nước, gốc polyeste	32081090	
